{
	"__comment": "Designed by Sixfootblue with Cubik Studio - https://cubik.studio",
	"textures": {
		"particle": "./tablelamp00",
		"texture": "./tablelamp00"
	},
	"elements": [
		{
			"__comment": "Base",
			"from": [ 5, 0, 5 ],
			"to": [ 11, 1.2, 11 ],
			"faces": {
				"down": { "uv": [ 3, 5, 6, 8 ], "texture": "#texture" },
				"up": { "uv": [ 0, 5, 3, 8 ], "texture": "#texture" },
				"north": { "uv": [ 0, 15.5, 3, 16 ], "texture": "#texture" },
				"south": { "uv": [ 0, 15.5, 3, 16 ], "texture": "#texture" },
				"west": { "uv": [ 0, 15.5, 3, 16 ], "texture": "#texture" },
				"east": { "uv": [ 0, 15.5, 3, 16 ], "texture": "#texture" }
			}
		},
		{
			"__comment": "Neck",
			"from": [ 7, 1, 7 ],
			"to": [ 9, 16, 9 ],
			"faces": {
				"down": { "uv": [ 4, 6, 5, 7 ], "texture": "#texture" },
				"up": { "uv": [ 1, 6, 2, 7 ], "texture": "#texture" },
				"north": { "uv": [ 1, 8, 2, 15.5 ], "texture": "#texture" },
				"south": { "uv": [ 1, 8.000001, 2, 15.5 ], "texture": "#texture" },
				"west": { "uv": [ 1, 8, 2, 15.5 ], "texture": "#texture" },
				"east": { "uv": [ 1, 8, 2, 15.5 ], "texture": "#texture" }
			}
		},
		{
			"__comment": "wire1",
			"from": [ 13, 6, 3 ],
			"to": [ 13.001, 16, 17.14 ],
			"rotation": { "origin": [ 13, 6, 3 ], "axis": "y", "angle": -45 },
			"faces": {
				"west": { "uv": [ 0, 0, 5, 5 ], "texture": "#texture" },
				"east": { "uv": [ 0, 0, 5, 5 ], "texture": "#texture" }
			}
		},
		{
			"__comment": "wire1",
			"from": [ 3, 6, 3 ],
			"to": [ 3.001, 16, 17.14 ],
			"rotation": { "origin": [ 3, 6, 3 ], "axis": "y", "angle": 45 },
			"faces": {
				"west": { "uv": [ 0, 0, 5, 5 ], "texture": "#texture" },
				"east": { "uv": [ 0, 0, 5, 5 ], "texture": "#texture" }
			}
		},
		{
			"__comment": "PlaneX6",
			"from": [ 13, 6, 3 ],
			"to": [ 13.001, 16, 13 ],
			"faces": {
				"west": { "uv": [ 6, 5, 11, 10 ], "texture": "#texture" },
				"east": { "uv": [ 6, 5, 11, 10 ], "texture": "#texture" }
			}
		},
		{
			"__comment": "PlaneX6",
			"from": [ 3, 6, 3 ],
			"to": [ 3.001, 16, 13 ],
			"faces": {
				"west": { "uv": [ 6, 5, 11, 10 ], "texture": "#texture" },
				"east": { "uv": [ 6, 5, 11, 10 ], "texture": "#texture" }
			}
		},
		{
			"__comment": "PlaneZ7",
			"from": [ 3, 6, 13 ],
			"to": [ 13, 16, 13.001 ],
			"faces": {
				"north": { "uv": [ 6, 5, 11, 10 ], "texture": "#texture" },
				"south": { "uv": [ 6, 5, 11, 10 ], "texture": "#texture" }
			}
		},
		{
			"__comment": "PlaneZ7",
			"from": [ 3, 6, 3 ],
			"to": [ 13, 16, 3.001 ],
			"faces": {
				"north": { "uv": [ 6, 5, 11, 10 ], "texture": "#texture" },
				"south": { "uv": [ 6, 5, 11, 10 ], "texture": "#texture" }
			}
		},
		{
			"__comment": "PlaneY9",
			"from": [ 3, 16, 3 ],
			"to": [ 13, 16.001, 13 ],
			"faces": {
				"down": { "uv": [ 6, 0, 11, 5 ], "texture": "#texture" },
				"up": { "uv": [ 6, 0, 11, 5 ], "texture": "#texture" }
			}
		},
		{
			"__comment": "PlaneY9",
			"from": [ 3, 6, 3 ],
			"to": [ 13, 6.001, 13 ],
			"faces": {
				"down": { "uv": [ 11, 0, 16, 5 ], "texture": "#texture" },
				"up": { "uv": [ 11, 0, 16, 5 ], "texture": "#texture" }
			}
		}
	],
	"display": {
		"thirdperson_righthand": {
			"rotation":  [ 75, 45, 0 ],
			"translation":  [ 0, 2.5, 0 ],
			"scale":  [ 0.375, 0.375, 0.375 ]
		},
		"thirdperson_lefthand": {
			"rotation":  [ 75, 45, 0 ],
			"translation":  [ 0, 2.5, 0 ],
			"scale":  [ 0.375, 0.375, 0.375 ]
		},
		"firstperson_righthand": {
			"rotation":  [ 0, 45, 0 ],
			"scale":  [ 0.4, 0.4, 0.4 ]
		},
		"firstperson_lefthand": {
			"rotation":  [ 0, 45, 0 ],
			"scale":  [ 0.4, 0.4, 0.4 ]
		},
		"gui": {
			"rotation":  [ 30, 45, 0 ],
			"scale":  [ 0.625, 0.625, 0.625 ]
		},
		"ground": {
			"translation":  [ 0, 3, 0 ],
			"scale":  [ 0.25, 0.25, 0.25 ]
		},
		"fixed": {
			"rotation":  [ 0, 180, 0 ],
			"translation":  [ 0, 0.02, -14 ],
			"scale":  [ 2.01, 2.01, 2.01 ]
		}
	}
}