{
	"credit": "Made with Blockbench",
	"textures": {
		"0": "blocks/shield00",
		"particle": "blocks/shield00"
	},
	"elements": [
		{
			"name": "Box1",
			"from": [3, 0, 7],
			"to": [15, 22, 8],
			"faces": {
				"north": {"uv": [0.25, 0.25, 3.25, 5.75], "texture": "#0"},
				"east": {"uv": [0.25, 0, 6.25, 0.5], "texture": "#0"},
				"south": {"uv": [3.5, 0.25, 6.5, 5.75], "texture": "#0"},
				"west": {"uv": [0.25, 0, 6.25, 0.5], "texture": "#0"},
				"up": {"uv": [0.25, 0.5, 6.25, 0], "texture": "#0", "rotation": 270},
				"down": {"uv": [0.25, 0, 6.25, 0.5], "texture": "#0"}
			}
		},
		{
			"name": "Box2",
			"from": [8, 7, 8],
			"to": [10, 13, 14],
			"faces": {
				"north": {"uv": [10, 1.5, 10.5, 3], "texture": "#0"},
				"east": {"uv": [6.5, 1.5, 8, 3], "texture": "#0"},
				"south": {"uv": [10, 1.5, 10.5, 3], "texture": "#0"},
				"west": {"uv": [8.5, 1.5, 10, 3], "texture": "#0"},
				"up": {"uv": [8, 0, 8.5, 1.5], "texture": "#0"},
				"down": {"uv": [8.5, 0, 9, 1.5], "texture": "#0"}
			}
		}
	],
	"display": {
		"thirdperson_righthand": {
			"rotation": [57, -73, 35],
			"translation": [4, -3, 0.5]
		},
		"thirdperson_lefthand": {
			"rotation": [35, -90, 35],
			"translation": [3, -4, 5]
		},
		"firstperson_righthand": {
			"rotation": [0, 0, 8],
			"translation": [-7.5, -3.5, 2]
		},
		"firstperson_lefthand": {
			"translation": [-7.5, -3.5, 2],
			"rotation": [0, 0, 8]
		},
		"head": {
			"rotation": [0, 0, 0],
			"translation": [-1, -20.5, -3]
		},
		"ground": {
			"rotation": [0, 0, 0],
			"translation": [0, 0, 0],
			"scale": [0.25, 0.25, 0.25]
		},
		"fixed": {
			"translation": [-1, -3, -0.5],
			"scale": [0.5, 0.5, 0.5]
		},
		"gui": {
			"rotation": [-180, 0, 180],
			"translation": [1, -2, 0],
			"scale": [0.7, 0.7, 0.5]
		}
	}
}